Paul,Watkins,or@kurpiwut.cw
Carolyn,Barnett,apvep@memcuhna.mm
Ian,Saunders,nendu@hooniusa.ng
Mamie,Guerrero,voda@rifan.tr
Derrick,Ball,ilgec@zigup.ru
Bobby,Flowers,vepizoh@rosuec.ne
Ricardo,Gonzalez,is@tu.hm
Frank,Hanson,rez@ojozipi.lk
Viola,Sutton,kebbic@da.va
Logan,Gregory,za@hofrive.at
Ricardo,McDonald,zo@tujaw.hr
Eliza,Reynolds,jidakoib@de.bj
Eric,Berry,vipvovuc@so.jo
Lulu,Coleman,owejiw@cikroifo.kg
Anthony,Bradley,beftomej@tifdu.nc
Isabel,Jackson,veuv@uhozic.nc
Edwin,Scott,fi@pebgeuni.nl
Benjamin,Keller,uputiviz@ro.cg
Adeline,Williams,zajma@bad.in
Jason,Rodriquez,wac@junhade.kg
Clyde,Baldwin,ve@fadtefeg.sr
Carrie,Montgomery,jewo@noepged.no
Roxie,Walters,vepofi@hiv.vi
Adrian,McCormick,cutsu@hapemet.ci
Paul,Wagner,pi@mu.cg
Donald,Mason,ruv@fosek.ms
Martin,Norton,wu@hah.no
Miguel,Colon,kid@gimni.tw
Lou,Holmes,laslu@acewu.co.uk
Albert,McDaniel,wirif@mojfo.ms
Hattie,Neal,sob@di.ck
Ivan,Joseph,pi@wame.pe
Eugene,Frazier,siahu@wucizcoz.cx
Nannie,Gutierrez,pujzapig@roculek.pg
Landon,Webster,zeuj@kibhon.kn
Tillie,Guerrero,dam@iklis.aw
Alvin,Morrison,sevaj@tubulka.tk
Eugenia,Wong,imaora@atodadja.ng
Scott,Cummings,cipajhij@uju.mg
Delia,Garcia,baufzot@eta.kh
Laura,Diaz,nurnub@woerpip.cz
Lloyd,Lowe,fuj@cimmo.gy
Lida,Wood,lenwaama@gupabpo.vg
Lucas,Webb,ilzid@za.yt
Cornelia,Newman,denuwosa@gapivge.je
Jeremiah,George,muzucu@ekepiz.ht
Corey,Carson,rap@he.gh
Mable,Rice,cun@mo.ck
Bess,Potter,pigtudso@diajomar.uk
Hettie,Griffith,zihvis@ikduffi.eg
Brett,Schwartz,sofapne@ijvit.do
Jeremy,Bowman,hugfumve@ugiazu.au
Wesley,Hammond,huceplig@hadgo.si
Mark,Houston,owitorufo@tivviguj.ke
Isaiah,Barnes,evousi@dircuj.lb
Max,Gibbs,tecesroh@gepenne.kp
Marc,Warner,kogudib@cidonofu.mk
Bertha,Rose,habos@rageje.om
Antonio,Bell,nupih@fug.qa
Marion,Parsons,ac@gut.my
Pauline,Reese,we@wupi.eh
Elnora,Scott,ezheb@fuktim.fj
Marie,Soto,jinedag@neren.ma
Raymond,Rodriguez,fidelfi@ogeod.cm
Jon,White,paniw@je.gd
Leroy,Sandoval,he@iga.me
Mason,May,net@woum.bs
Leon,Griffith,no@tone.to
Jerome,Meyer,na@cori.ht
Ora,Rose,ohfegur@cas.ps
Christine,Harrington,limmofi@gujacsu.bn
Alejandro,Brewer,obefu@vojafe.lt
Bobby,Conner,oza@esezu.gs
Ian,Marshall,kiv@bi.tr
Brandon,Craig,nobavu@ru.my
Jared,Bridges,ucfofki@zorhur.vg
Elijah,Webb,atevosu@erejo.ru
Mitchell,Frazier,ru@gaglisfe.eu
Gussie,Wilkerson,nitkawo@la.et
Danny,Morales,behir@ajupi.tr
Alma,Fisher,lowerim@ejoseut.is
Louis,Phelps,inogtoz@ab.hr
Violet,Cortez,nifupful@uvpodvuj.sm
Ryan,Evans,sas@lujuz.yt
Maude,Hampton,ob@picep.ax
Louisa,Wise,morli@pebnov.edu
Hilda,Stevenson,sih@bubovnob.bd
Lillie,Carroll,sus@ac.ba
Ralph,Dean,ri@mifnoshi.si
Alan,Collins,udoge@rarohaga.nr
Abbie,Miles,zo@pu.fo
Alexander,Rhodes,uwo@us.fr
Wayne,Strickland,hec@vazuvfec.ac
Elizabeth,Marshall,joduhori@pernudok.kz
Maurice,Hamilton,bu@nohej.ie
Brett,Hayes,ni@hof.om
Russell,Henderson,zaviipo@tohdiz.kz
Sue,Wheeler,umo@vo.et
Brian,Abbott,job@humo.sx
Ola,Glover,heonka@cahlan.ie
Ellen,Wells,pajwezo@kat.lu
Ivan,Morton,dowmewow@husa.tj
Oscar,Farmer,ka@luvuce.gb
Timothy,Nunez,rubfir@kaogusaj.uz
Clyde,Flores,bommi@guhfofjer.ws
Stanley,Scott,uvkero@lugetaw.th
Billy,Tran,ekihow@za.bf
Delia,Boyd,ceg@heckak.sg
Ivan,Holt,fuhev@zauca.ch
Ruth,Gross,al@am.tf
Phillip,Garcia,nasicbib@lelloh.jo
Mittie,Hammond,sijecpit@sarvi.mg
Mildred,Lucas,tepomub@wejziw.hu
Thomas,Jefferson,mortabego@lu.ac
Lewis,Beck,vekma@ite.gw
Nathan,Harrington,nakwadzi@wok.pm
Ralph,Gutierrez,roleil@kebo.ga
Sadie,Warner,up@nurejfed.sb
Tom,Bradley,copen@upa.ai
Barbara,Cunningham,muhlafof@tebjupsoj.sd
Myrtle,Reese,gowfobmem@izbe.cf
Bettie,Bell,bas@hup.ge
Brian,Evans,towfez@ca.ni
Michael,Rodriquez,maroam@upifevo.mh
Mike,Parsons,nasrisur@ne.cy
Lura,Stanley,vi@topipeke.vn
Scott,Williams,ritki@pojetzid.gh
Clayton,Willis,pal@waor.kr
Viola,Bell,vag@jehuvi.lb
Gavin,Santos,jojdot@lecrak.mo
Harriett,Carson,uve@fumzomres.gov
Anne,Parks,juvvoc@jirbijza.tj
Fannie,Barnes,vuhhajha@huk.ly
Jack,Welch,hunilad@pazco.tr
Clifford,Barber,bocruppuh@egadebjuh.cu
Hulda,Barton,usa@gu.er
Beulah,Robbins,hidzek@ka.ml
Olga,Klein,gec@fezuzet.nl
Nicholas,Holmes,is@vemlar.ag
Ricardo,Turner,ma@orop.vn
Vera,McCormick,va@warujeru.do
Isabella,Davidson,jodkowaf@wirifjif.bw
Mathilda,Holloway,sob@ru.mk
Sylvia,Rhodes,suv@como.sm
Luke,Peterson,lobpovu@apo.ky
Eddie,Vargas,hipbod@ve.km
Alberta,Carter,upabem@tedfile.sa
Brett,Potter,dence@oho.gl
Jack,Reid,hiv@fugeb.mk
Lucille,Pope,gohi@ricpof.si
Marcus,Butler,iz@ji.mp
Angel,Ferguson,efe@kahiv.gd
Bess,Rhodes,veizu@ri.bi
Laura,Jensen,cisogle@do.io
Rosetta,Grant,welnopno@uf.et
Chad,Sandoval,ewi@idubitos.gov
Eliza,Phelps,pisir@ho.gov
Mattie,Carpenter,ca@huwrovsof.eg
Allie,Henry,isukur@awkem.eh
Wesley,Moody,imejawig@tuzasuv.dm
Dora,Drake,lov@cocjit.ls
Helena,Castillo,jujit@bubo.pm
Fred,Black,ifsagip@nufcet.ua
Jason,Adams,fo@cizhihho.kg
Alta,Cannon,sew@cukni.tm
William,Lamb,uvkaw@tobwaku.je
Gregory,Dixon,nut@ma.gw
Caleb,Powell,remoc@evofafvu.cf
Nettie,Bush,teawedu@ijes.ci
Hester,Joseph,birfehzeg@mi.cu
Susie,Mack,feadiek@padkafe.ec
Bryan,Norman,luwo@ehmor.na
Hilda,Adams,kusen@nihowoz.la
Frank,Copeland,izesez@pegzu.ag
Jim,Bridges,irzuat@jaru.tf
Peter,Maldonado,hid@pesbazgaw.lv
Leroy,Campbell,ero@ginsus.np
Matilda,Wilkins,jaluzi@dahzujoj.lt
Jean,Knight,ipig@juwcegra.mc
Flora,Smith,po@go.qa
Hettie,Ward,fof@lidetevol.nz
Jordan,Hampton,du@ke.tr
Christopher,Oliver,rahictal@juf.sh
Stephen,Martin,hori@fozhumve.gg
Laura,Cole,kognizafi@ha.tc
Norman,Boone,iwi@zud.gp
Joe,Perez,matna@jukjuravu.cf
Pearl,Mendoza,atararug@tu.sa
Cora,Ross,bohpidar@muhmaus.et
Lelia,Riley,jozeoc@tet.lr
Charlotte,Maldonado,toideup@zauc.zm
Lily,Powers,dutuk@aloob.gw
Ola,Pittman,dujaf@tofcu.eu
Anne,Cummings,hafra@ehvas.sz
Esther,Stevens,po@duf.cd
Matilda,Miles,sujraci@mof.cz
Randall,Cox,mokarhan@nigo.as
Dominic,Hernandez,kalbo@emo.ro
Rosie,Wong,juane@ifuet.by
Mason,Bates,wofet@casi.pf
Trevor,Lindsey,usnil@ot.sk
Cecilia,Cook,korgo@gibvezag.sj
Jeff,Lewis,katom@ah.ly
Darrell,Underwood,umhez@niwre.gy
Antonio,Klein,pob@juvic.la
Gordon,Cruz,nongo@gacze.gr
Harry,Rodriguez,he@avpojeb.gn
Mike,Castillo,heb@voaha.er
Alex,Rice,nuzhogcil@wawsu.mz
Eddie,Park,mavov@bobpiwa.pk
Roy,Mathis,du@cuzlij.ly
Lucille,Salazar,oroto@az.ee
Carrie,Jimenez,rovgubok@emo.bn
Raymond,Soto,ra@jeojecad.me
Bernard,McDaniel,kabi@me.in
Scott,Alvarez,venokub@lejen.bn
David,Lowe,locjuze@pu.lc
Roy,Cross,sadep@ujoro.hn
Adrian,Moran,kagizut@few.ck
Birdie,Nash,isero@cazwaet.gp
Harry,Rodriquez,kul@ule.kw
Anthony,Norman,bungoro@ohenicup.bs
Carl,Pearson,olivel@bubwakko.tl
Ray,Underwood,geed@deucneh.ma
Bryan,Beck,monul@ti.pf
Paul,Riley,zeh@gojtas.sn
Francisco,Schmidt,uraro@eno.hr
Evelyn,Reed,hod@wo.vi
Russell,Davidson,ratjom@gufbutudu.gb
Nell,Cruz,muvici@ijfop.mr
Leona,Carter,gizgom@duzuaf.it
Carrie,Pena,conohul@novcimo.af
Elmer,Vasquez,esifop@zabeduz.gq
Fanny,Williamson,epegerse@bipnofow.py
Jennie,McCoy,ugoda@fu.zm
Lewis,Park,kizcu@pefi.kw
David,Hayes,efapepdi@omle.ht
Marcus,Lamb,uwudu@ruhhu.ru
Lora,Benson,owoidobo@mi.td
Bessie,Edwards,cahkaci@ras.zm
Milton,Collier,guweeco@wugebsoc.sy
Rosalie,West,cajeb@do.lb
Inez,Quinn,wim@ap.ca
Elva,Howell,jebnedih@igraih.cn
Caleb,McCormick,vapu@voljeraj.mt
Norman,Cain,gevduoci@zagvodod.es
Logan,Tucker,gednur@gitpic.bs
Verna,Sims,je@nen.gw
Philip,Fowler,zozom@fum.md
Ida,Little,mer@sucahu.ie
Lewis,Hawkins,vatahdoz@job.km
Eva,Terry,hozugac@atu.me
Nina,Vargas,jucemi@ho.tk
Jack,Marsh,lofseso@sul.cy
Estelle,Briggs,mul@cibed.sa
Ian,Rowe,hudo@guhodaba.om
Harry,Cook,javfuc@jumo.gl
Adeline,Griffith,kuehiova@cufinli.cd
Logan,Haynes,leppafme@zofoep.ke
Amanda,Dawson,vi@cof.nc
Randall,Dixon,tefiwub@romuz.li
Glen,Reid,baz@ku.nl
Stephen,Elliott,omjeaf@nuhi.eu
Esther,Sherman,ja@genfewinu.nl
Lou,Willis,wokef@rewo.ar
Bruce,Anderson,haz@lo.bq
Sylvia,McGee,nowa@ena.tn
Cora,Moore,do@coino.bt
Alejandro,Hayes,si@lo.tf
Harold,Fields,vezucnol@lez.jo
Marian,Campbell,zomsej@cin.com
Adeline,Richards,bafuhfer@rozihil.ky
Joshua,Henry,kohagumi@ijo.gy
Millie,Jensen,rif@liwo.az
Ada,Patrick,luz@jiuropaf.no
Mathilda,Houston,tufcec@hed.cv
Hulda,Hoffman,fi@pukik.su
Olivia,Woods,wedfever@fok.se
Teresa,Roberson,soope@igvij.td
Brett,Fleming,tuljodu@tacut.sv
Corey,Dean,zel@keskaone.sb
Adam,Moore,hut@ih.gy
Jordan,Byrd,we@topwevo.sn
Tom,Ball,wugceze@ego.md
Della,Roberson,onmuhpo@apisi.eu
Roy,Graham,diluw@ot.rs
Irene,Goodman,luijifow@hotib.uk
Nell,Gomez,ci@kano.pg
Jon,Buchanan,ubi@te.pe
Matthew,Wilkins,umumat@bummaf.cr
Grace,Rogers,wup@cec.gd
Tillie,Griffith,bimel@iwa.va
Augusta,Foster,beguvtiw@onapirne.lk
Francis,McBride,cenojiz@rikopose.sr
Grace,Snyder,dur@eg.is
Ophelia,Taylor,notruk@uvjuv.sz
Tyler,Zimmerman,gorejiha@tamesifo.bg
Blanche,Cobb,kosvu@fuj.com
Estella,Hawkins,zeh@desor.de
Ophelia,Bennett,de@ki.mu
Melvin,Yates,ve@weugef.pk
Willie,Franklin,oh@de.tv
Mason,Stanley,laf@gewoc.tj
Birdie,Patrick,nisepveg@ve.lr
Andre,Medina,wezelub@pukwicva.gi
Ethan,Neal,po@duj.bd
Jimmy,Rowe,dapeg@uc.eg
Sylvia,Gutierrez,teone@sazar.ne
Maggie,Coleman,nomkin@facwivaj.fi
Sam,Sutton,pevem@futot.au
Josephine,Burns,bi@re.km
Carolyn,Ferguson,uzo@pasompe.ag
Louise,Wise,odwuji@ov.sg
Scott,Gomez,jebkofi@de.fj
Peter,Neal,wuufuuno@izuhezme.bn
Verna,Vasquez,maswahpid@fopur.ms
Olga,Jones,hizkeesi@jiw.lk
Jeff,Goodwin,rukupe@mu.az
Nathan,McGuire,nuvke@kib.lv
Mike,Jordan,ob@ce.kh
Cora,Adkins,wawbi@esi.mu
Caleb,Manning,uve@ec.nf
Lawrence,Nguyen,pup@sopbevluf.mk
Aaron,Brooks,geut@hof.sx
Sally,Hall,sotnik@leebutu.sj
Nettie,Francis,tujap@viaw.eg
Patrick,Yates,peuje@don.ne
Dale,Morton,ap@korej.ch
Brian,Davidson,jace@fa.ro
Beulah,Adkins,acokpub@ow.sv
Anne,Aguilar,nul@dev.sd
Francis,Gray,laopmo@ugibiz.br
Albert,Morton,wi@tawna.gu
Norman,Jenkins,fo@jipuhhe.lc
Janie,Osborne,duhig@idadu.bm
Jean,Garcia,jujgilur@jebket.tk
Elnora,Sparks,nutu@anuregoj.bb
Louisa,Myers,seedu@ga.vi
Susie,Evans,difo@lu.vi
Minerva,Ramos,hegrajace@le.in
Jacob,Barton,ti@tafka.ie
Victor,Norman,vodrivuz@fefwuz.cc
Phoebe,Gordon,ehja@ona.gh
Randy,Paul,ezabe@olugab.mu
Gary,Harrison,jipi@no.md
John,Newton,ruteagi@pobod.mn
Ralph,Cortez,gofis@leonso.ca
Estelle,Nguyen,pivfaok@emiewohi.rw
Isaac,Cannon,makuwif@ac.co
Lilly,Fitzgerald,fihaud@hewrir.bb
Ray,Kim,mompalap@ab.vc
Russell,Baldwin,fakfo@pu.gy
Winnie,Hines,beotve@hij.cy
Calvin,Shaw,galiske@gata.rs
Victor,Barrett,puvbil@uhherud.im
Mollie,Benson,odudbon@muivfiw.tf
Lora,Griffith,hel@pow.pw
Jane,Hernandez,oweti@iwoike.gu
Jon,Boone,kafuk@ratod.gu
Blake,McKinney,sis@cijaz.vi
Mable,Silva,wovjam@ud.ls
Lydia,Hawkins,sohku@ro.pe
Jim,Adkins,fi@ruiz.cg
Lou,Hines,gehuew@azizota.ye
Pearl,Matthews,ac@pohru.bf
Winnie,Warren,zod@jekaciler.td
Bettie,Brown,beczi@ajiwa.la
Fred,Fowler,vobkojudo@ifoor.gt
Alex,Webb,hoztev@ka.et
Patrick,Bowen,liklav@hibsem.dz
Mina,Vega,wujmovuw@zerujpan.cy
Dominic,Campbell,ze@regilazo.eg
Maurice,Austin,siv@hupihisah.ba
Pauline,Leonard,zadif@guvta.so
Mason,Rice,za@solev.to
Rachel,Richardson,ma@vuccuaw.py
Maud,Doyle,hu@ibaab.no
Don,Horton,welbij@goipe.net
Frederick,Pope,jorketud@kociga.cc
Marvin,Herrera,deksagit@pof.nf
Devin,Clayton,ruivaizu@bu.lt
Mason,Schwartz,po@moziv.mt
Phoebe,Riley,vasekwov@rusuweeza.hu
Isabel,Garcia,dadab@pi.my
Chester,Buchanan,mo@sa.ne
Mae,Patton,buelo@majlozra.uz
Lottie,Marsh,fackooh@afijup.se
Sadie,Moss,duw@do.ws
Danny,Brewer,wor@ravwocbo.bg
Nathaniel,Howell,sur@ap.gu
Edward,Padilla,pi@dep.io
Gavin,Parsons,ricojul@sovetuc.gs
Micheal,Carter,atza@ragje.pa
Trevor,Peterson,loije@ahoup.ec
Jorge,Salazar,fecow@unmafop.pw
Susan,Nash,tok@tado.ky
Claudia,Tucker,wulun@puasig.pw
Ethel,Scott,boj@owuzemo.td
Christian,Valdez,zo@soliro.mh
Don,Pearson,le@felsa.im
Gabriel,Lopez,tic@fufeimi.cu
Chase,Munoz,sewe@ga.sb
Theodore,Hawkins,fuzuc@cijmo.mx
Owen,Fields,nepepbu@zezupagu.kr
Adele,Boyd,gokuez@lit.ir
Lula,Matthews,vubezo@te.pw
Shane,Caldwell,tishunkes@sunandi.tt
Bertie,Brown,judfavof@mar.sl
Chase,Hall,deuge@diofsi.mk
Irene,Holt,takmuv@pojrucoc.ie
Winifred,Barrett,fafdo@zefad.de
Sam,Reeves,decdukor@rijuh.ci
Jack,Santiago,ikodi@vibozlal.yt
Dale,McBride,kolcij@otuucu.cw
George,Baldwin,iga@ima.mn
Myrtie,Hayes,mo@ojibatde.bn
Henry,Carr,meb@ilduzaj.pf
Nancy,Myers,jage@ho.rs
Randy,Butler,dakhijgec@ton.mk
Vera,Figueroa,bofa@lu.ir
Zachary,McLaughlin,ir@gemse.do
Dominic,Myers,aka@hi.cw
Frances,Robinson,jelja@lupufif.ke
Shawn,Griffith,kuci@wookpi.ai
Mary,Hall,kijgepow@vusicgul.bv
Edward,Strickland,ote@jisvifged.cg
Ophelia,Banks,ebtahvib@zogo.ws
Glen,Wells,nu@pi.hr
Jerry,Powers,uv@sah.net
Joshua,Cortez,ikinessuh@kil.do
Troy,Hardy,owotbu@toku.ec
Tommy,McGuire,heprithi@vomcerzi.ie
Lucille,Murphy,tofi@ripa.au
Gordon,Bowman,zabupul@opbos.th
Nannie,Silva,he@tobo.bd
Leah,Cortez,leni@jiw.pt
Sarah,Dean,mos@nab.tc
Lucas,Murray,zu@muz.dj
Matilda,Higgins,modisu@wozpeno.mp
Mike,Malone,weg@mivif.gr
Violet,Keller,jacabowu@uvonah.pg
Myrtie,Matthews,powa@mobaru.to
Mitchell,Flores,so@gelavare.lb
Belle,Lee,mugwuhen@jupfo.pg
Vincent,Ingram,agziruz@uvwu.gg
Milton,Rhodes,wonzapeb@debgu.tt
Dominic,Sharp,upi@codsice.gd
Beulah,Price,pimakef@lumjus.me
Gilbert,Hawkins,en@tu.sb
Ora,McCarthy,ah@pejuloon.er
Marian,Valdez,tezzi@hedreera.gb
Eva,Goodwin,nelidic@cadgur.tk
Angel,Drake,og@toboere.jo
Dora,Riley,noifoedu@ril.id
Leah,Swanson,ir@metmasu.sz
Bryan,Simmons,zew@mo.fk
Tony,Stone,to@jo.cr
Rosalie,Hampton,goteka@he.mz
Craig,Perez,dupu@unajizen.eu
Christina,Stevenson,alavwov@inadakij.tk
Adeline,Gibson,zobud@fovidgos.hk
Clayton,Buchanan,jubiwed@nibwilo.gp
Jeanette,Swanson,takge@fizlog.sy
Margaret,McGee,wi@eznok.bm
Carlos,Flores,omitaw@obpa.tf
Luke,Stewart,hozoc@lifvu.bo
Alexander,Byrd,mi@ad.td
Phoebe,Baker,suhek@zuporga.cd
Mario,Harrington,raiva@lazag.kg
Mattie,Hardy,zaahibon@gomza.gb
Winifred,Harris,ati@of.pl
Kate,Henry,ipfu@niwu.na
Milton,Miles,zeubodum@pa.sa
Roxie,Shelton,te@ujheico.mm
Trevor,Walton,osoredah@iki.lu
Hilda,Foster,vemaofi@tavwek.by
Mathilda,Benson,teudauz@mivhub.kw
Albert,Holt,iwekepu@hajathi.ml
Teresa,Watson,cauhi@ig.ru
Francis,Barber,liste@il.fj
Sophia,Waters,woevteg@fel.mr
Raymond,Sparks,hunonpi@raesloc.bt
Johnny,Matthews,agogebka@liwizi.uz
Polly,Swanson,dodalri@giki.so
Ora,Hill,mow@rim.mg
Jeffrey,Griffith,ognuat@ucijowu.gu
Martin,Porter,tibos@caw.ki
Mitchell,Harvey,gi@laen.as
Dale,Ball,fefhi@onanaf.ad
Alex,Romero,izoco@adgiv.dz
Mamie,Rios,enditat@so.py
Helen,McDonald,dejelis@tuze.it
Douglas,Harrington,cib@vahuw.ci
Carrie,Carter,ejeveto@witetauv.km
Bobby,Lawrence,rabvupel@nov.kp
Willie,Lowe,fage@pemhebsa.uz
Charlotte,Cohen,ar@vupab.bw
Clara,Guerrero,sa@du.ec
Emily,Hogan,ati@awana.mg
Angel,Rice,daruh@ti.gb
Nora,Freeman,lulweked@ela.gr
Agnes,Jones,vuv@jopweca.au
Mamie,Davidson,uda@mok.ng
Miguel,Lewis,todas@mewparut.cc
Henry,Sanders,lu@raofitu.fk
Theodore,Harrington,pezowag@rocjahus.mo
Myrtle,Pope,huelusic@voso.tm
Dollie,Peterson,mu@wu.bt
Gabriel,Flores,poze@viut.ua
Lewis,Andrews,regi@nilumo.la
Cornelia,Henry,favo@tuh.za
Alice,Hamilton,ihe@idaajasaj.aw
Marie,Morris,lagdewge@sug.de
Nelle,Delgado,temwebne@puj.tr
Francis,Burns,ihurijco@ap.cv
Christian,Joseph,pofop@jurobfa.vc
Etta,Holmes,zuban@fi.ye
Edith,Harris,epsitve@sepmopri.dk
Virgie,Aguilar,rehluzer@lir.io
Bessie,Riley,ahpicruj@mat.ca
Ruth,Barber,go@gidudone.ht
Mario,Riley,tahesu@cimigkub.hu
Austin,Dennis,bibuma@nawitsoc.om
Ricardo,Dixon,mejedo@ise.mp
Hulda,Jenkins,cezut@duodeum.se
Georgie,Ross,zuw@hu.rw
Myrtle,Moran,nij@tigcaw.lr
Tommy,Warner,huhjar@rer.ir
Lucy,Thompson,nebrih@kulaisi.tg
Ida,Clarke,zufme@dohgu.nl
Olga,Vaughn,uge@opi.tr
Jayden,Simmons,fap@hir.pt
Ruby,Benson,seb@wikut.hk
Samuel,Alvarado,nudesore@macuhco.va
Beulah,Griffin,jo@venawpap.pw
Virginia,Schwartz,moihjaf@basdit.ao
Gabriel,Barker,for@piun.to
Esther,Clayton,imvehso@lanzelde.me
Troy,Neal,so@zedennol.to
Carolyn,Shaw,afbe@havjov.eu
Verna,Flowers,bozwubnek@giilinap.hm
Christine,Cook,lonzuvo@tebuti.nc
Annie,Patton,of@duzuj.th
Elnora,Delgado,cac@fafi.pf
Winnie,Sanchez,defa@ejuzudjeh.pg
Chase,Brewer,hisik@ro.bm
Claudia,Reese,ovi@me.kg
Effie,Delgado,nu@huc.ar
Leila,Parsons,imuvukavi@urob.mz
Joe,Garcia,lu@milnor.ps
Clarence,Harmon,ced@so.no
Tom,Hughes,mopu@hu.do
Clyde,Lamb,indiro@icace.vi
Howard,Norton,pezew@hud.gl
Ruby,Fuller,jalgihef@likhuz.ca
Gavin,Becker,dusede@gu.gs
Jack,Jordan,uduemi@teihedep.lc
Mathilda,Bailey,dac@riade.net
Carrie,Mendoza,rulzanege@odle.tw
Jennie,Cross,nan@fu.bj
Rosa,Saunders,ija@ad.in
Ola,Gonzales,ud@limvet.pl
Gerald,Smith,tevvivak@tigam.se
Cory,Brooks,fevludul@be.hn
Maud,Goodwin,ofijo@hikjiv.vu
Nannie,Wagner,avafo@jovuvakir.je
Tyler,Holt,bus@fofru.gd
Mathilda,Jimenez,coet@bav.io
Joseph,Stevenson,hiewhu@ih.pg
Ethel,Lyons,ratlur@igeit.gr
John,Sharp,zehkif@lig.org
Larry,Francis,zi@obegun.nl
Frederick,Haynes,biejo@jali.bi
Winifred,Robertson,ok@mubuwuf.vc
Tommy,Watkins,nacrub@gezhor.fm
Marvin,Robertson,izouhbo@hulnifev.vc
Devin,Morrison,ug@ra.bs
Adrian,Baker,zozfepob@pasudif.eu
Jerry,Clarke,najpi@ejbesco.ad
Clifford,Reeves,egu@kamub.bg
Ethan,Weaver,fehale@ca.iq
Helena,Pratt,izuzurna@nu.kw
Leon,Stevenson,nisafiz@fu.ss
Edna,West,rim@cewen.mm
Rena,Bradley,ebi@nieluiz.uy
Lucas,Cook,uhiveftoh@bahmes.bv
Sue,Shaw,edu@ce.tv
Connor,Hernandez,rif@cit.gu
Mabel,George,epo@lakenon.uk
Sam,Buchanan,wozumeer@uvukolo.nr
Mathilda,Obrien,ifsav@lit.ss
Terry,Hughes,elmuvwil@nudlup.bs
Sallie,Farmer,da@takamzeb.ml
Evelyn,Moss,tucgo@febkaob.gi
Sarah,Haynes,akpe@wacruj.nf
Agnes,McCormick,ladobil@lefmejgan.ci
Randall,Myers,ikikaj@acolub.im
Dylan,Lee,wacluuzu@so.io
Herman,Neal,puc@zez.es
Adam,Rodriquez,mol@goaz.ca
Emma,Sullivan,luvvomhuf@pucawge.th
George,Kim,ewo@wah.pr
Minerva,Park,ogovasbe@se.za
Teresa,Nunez,tiv@penawaeni.za
Delia,Frazier,deku@kizboko.sb
Ora,Rose,uppu@recewo.as
Fanny,James,hisod@pusud.gy
Jimmy,Park,ca@uzac.as
Sadie,Christensen,gijgit@godenam.sb
Leo,Hopkins,jiggiobi@zikguwhu.va
Micheal,Malone,gaptusaj@lohsabe.th
Rachel,Caldwell,wipvonaj@utoifo.pg
Leona,Stevens,buhe@mubta.ck
Josie,Rogers,ohhul@litisju.nf
Bertie,Arnold,jellajzak@riz.fj
Irene,Schneider,orifoeju@ir.fo
Kate,Delgado,idaig@ji.gl
Celia,Lucas,isme@unobu.mn
Lina,Holt,ron@lunpam.org
Milton,McDaniel,fomik@piukpe.gw
Blanche,McDaniel,enziv@zinudoka.ni
Ivan,Graham,ibcode@dic.ci
Bill,Murphy,vomva@ke.cf
Ollie,Medina,cizare@onkic.uy
Alan,Alvarez,nawje@befuwe.tf
Gregory,Schmidt,meewu@uvomo.om
Jane,McCoy,zoirugiv@didigab.tj
Myra,Snyder,cala@fuhwozin.vu
Lela,Allen,painata@zokuva.jo
Jeremiah,Jennings,duw@gipfeba.aq
Cory,Huff,wahor@pogo.cf
Juan,Sanders,ruge@op.se
Cameron,Norris,makihke@joj.lt
Nathaniel,Roberson,elofuv@zufbuob.cw
Jack,Malone,ujuinofis@duc.qa
Victoria,Daniel,jac@up.fj
Callie,Gregory,veho@apdob.ml
Louise,Richardson,asice@kahe.om
Sylvia,Mann,egbaz@awrac.do
Tommy,Patterson,kuvfoc@roluko.cg
Alejandro,Massey,cemrod@abek.us
Gregory,Dean,rilme@gopfu.ac
Eugenia,Burns,huz@cit.sj
Bettie,Bailey,fese@ebogumiha.pl
Willie,Patton,rolijzuz@ovuis.mz
Willie,Rhodes,ovajosas@dasduno.pl
Beatrice,Mendoza,bo@go.dz
Louis,Sharp,ib@odjojol.vn
Charlotte,Ingram,ulimon@pofdeffu.ca
Maggie,Gomez,zuga@kaditmi.gn
Tom,Black,okfuc@hirarum.hk
Milton,Rodgers,lubkiv@cum.nc
Wayne,Collins,bincipami@hep.nf
Antonio,Marshall,rar@big.dj
Roger,Romero,joeh@odbaba.ne
Jose,Hicks,ido@dopuwlat.ac
Christine,Underwood,apapinbaf@bonenlim.co.uk
Mason,Clark,coz@woj.bh
Laura,Jefferson,zapjuco@do.gb
James,Hayes,waom@ag.ly
Steven,Perkins,menjagoz@leguz.pk
May,Stephens,gefaf@viz.ie
Katherine,Jenkins,rigiw@row.ie
Glen,Gonzalez,acfok@ubi.bg
Lottie,Payne,bev@wenuzba.ca
Lizzie,Keller,jaruw@cawtatol.pr
Erik,Stone,zihe@cut.bb
Lora,Flowers,tonno@zoebhu.pf
Ray,Freeman,rigciz@an.sz
Ruth,Jennings,emubako@dolgef.cz
Victoria,Harrington,letidi@horad.sz
Rosa,Stokes,ilu@ten.aq
Annie,Sherman,ata@ga.at
Gregory,Wise,hesacoh@pazgavdib.vc
Marc,Robbins,ebosafe@egujit.ph
Jackson,Garner,fen@omop.kr
Duane,Rodriquez,cudgaana@alusal.cc
Joe,Warren,nifzab@zismi.lv
Virginia,Swanson,iz@udesi.br
Carlos,Jordan,lojodisal@pah.ma
Etta,Fuller,li@ici.ag
Bertha,Ballard,abmuni@ivo.hr
Michael,Murray,vovgoad@ci.tk
Milton,Barrett,ve@kukiwwa.ne
Earl,Wagner,jisel@rokipuz.om
Harold,Nelson,fobgigpak@ro.kw
Lucas,Castro,sospacke@tiriki.cm
Edith,Baker,ufaceje@cov.cv
Edna,Harrison,su@mof.br
Josephine,Pope,de@okurezla.ad
Leon,May,wohugguv@wek.ga
Clarence,Coleman,uro@vo.tm
Virgie,Dawson,vihavju@divu.bq
Emilie,Schwartz,poid@suh.cv
Jacob,Jordan,fe@laj.gs
Arthur,Steele,hiloha@hup.fo
Josie,Curry,nedetarov@bo.nf
Jose,Hicks,dopza@mincu.id
Steve,Hughes,bag@acbef.ma
Teresa,Mendez,puj@weju.kg
Craig,Lawson,dir@we.pg
Ivan,Ross,hiamicup@ece.tw
Don,Morales,waoguv@fofite.mh
Sam,Gill,mevo@losef.mw
Zachary,Warren,emovab@unuzuvu.as
Connor,Burns,dapapzu@dopum.nu
Rodney,Simmons,wekca@mejol.lc
Bobby,Rose,lajoddew@gidowvo.lb
Mattie,Foster,hinkifgul@wip.bw
Marion,Caldwell,vafnab@fu.mz
Ida,Craig,ubanlob@le.tv
Jerry,Parker,cotu@cuvozumi.om
Cynthia,Maxwell,kes@agu.ua
Lizzie,Luna,wophuzo@weledgi.gt
Terry,Owen,mokad@bopralpo.bg
Lura,Willis,radueva@ulaheama.pe
Ola,Norton,lahme@lazwi.dz
Dean,Lamb,wuzul@ro.cn
Tillie,Garza,zanvug@metuw.cx
Emma,Williams,lukzanoh@nuk.is
Charlotte,Stone,edazu@ilnu.by
Clayton,Santos,ossakpi@colozo.af
Stanley,Schmidt,to@zefdigub.bq
Lenora,Bryan,ziniun@luwupo.ai
Danny,Wise,siuvekud@ze.je
Erik,Douglas,imi@sibmemoz.hk
Alvin,Stone,zodiit@noric.ai
Nina,Floyd,zoj@detozisi.sa
Charlie,Harvey,hoidlef@soracoz.bw
Luella,Evans,ce@nozloze.zw
Sophia,Russell,junin@derige.tg
Jonathan,Berry,pe@zuoce.ar
Adam,Neal,kosjo@zudrak.dm
Willie,Cohen,herim@uctubod.am
Troy,Wong,dufet@towaholij.qa
Christopher,Huff,cekukre@kueke.th
Roy,Jones,uzabehim@ruzukagor.pf
Elsie,Boyd,wuba@miiji.li
Lewis,Ramsey,sija@efozueku.cz
Larry,Nguyen,woipa@kezlus.bg
Howard,Gardner,wautozu@ci.ba
Nathaniel,Bridges,jiisa@tawulhab.ss
Lucy,Foster,teume@tuawa.is
Mable,Hughes,la@van.om
Jonathan,Mason,nuniw@malehzop.gb
Glen,Bailey,nu@icgi.kz
Gavin,Norman,foawe@po.pk
Violet,Leonard,ra@jofkehap.dm
Lizzie,Freeman,foricolo@pe.gi
Sophie,Harrison,ge@eneevkol.tr
Esther,Perkins,vo@nofwuwrew.as
Cynthia,Sims,fu@fagla.bw
Fanny,Griffith,daw@ugpizu.me
Birdie,Becker,anarel@miz.hu
Lucas,Rodriquez,kit@ec.pl
Fanny,Drake,vozuhu@ewole.bv
Hettie,Patterson,zow@ovunoz.lv
Jimmy,Jordan,afgaci@onrap.ps
Kyle,Guzman,ibeicjuh@ral.bq
Nathan,Green,genun@jab.hk
Ora,Tyler,awaba@corwobmu.gp
Alexander,Banks,dimdopjo@no.ml
Brent,Peterson,jez@ruk.bq
Myrtie,Young,degzof@rolut.tp
Callie,Poole,odelidud@keh.vc
Ernest,McBride,dopgefe@ecpoh.pk
Warren,Stewart,duzrun@varzizep.tm
Sam,Richards,uginomof@puntu.ni
Lucinda,Smith,piwkohvaj@ziew.kz
Katie,Yates,oseni@poonuif.re
Luis,Hardy,sawajero@par.sg
Winifred,Moss,hotufipo@cic.gf
Kathryn,Bishop,nonolwet@fo.us
Austin,Poole,he@anuocwo.bq
Derrick,Greer,focmu@boj.se
Emily,Santiago,dahapap@sutez.mm
Violet,McGee,var@juwoto.tk
Dean,Sherman,tigul@bivmub.gq
Troy,Collier,ot@vebuktag.mm
Theresa,Anderson,ruhimbe@casfufu.hu
Barry,Walton,ot@dejova.pe
Sallie,Barnett,ga@ku.ly
Winnie,Bass,vupovzin@miza.bq
Lida,Copeland,winev@puh.by
Allen,Nichols,zazefem@ufavamini.mv
Martha,Poole,vekbi@pajahoj.je
Barbara,Carpenter,mur@ucu.it
Arthur,Collins,naz@dum.gp
Evan,Washington,kibhi@bolifem.kr
Flora,Jenkins,latmizisi@nici.sl
Marc,Carter,wedapo@colpi.et
Antonio,Phillips,sogize@hozopunik.tt
Scott,Daniel,wenufo@emirajhe.gi
Nellie,Malone,kirguse@wucpeate.li
Lida,Hart,digad@ib.su
Alexander,Cummings,wavozni@pefuve.ng
Devin,Curtis,ekinag@zu.ir
Ethan,Bradley,jazikzu@valnig.vc
Jeanette,Holland,abhuih@movvufuh.ke
Martha,Brewer,pobig@lisow.vn
Carrie,Bridges,ebiffik@kumkotoc.kh
David,Hernandez,kunerfiv@muj.gm
Harriet,Morris,leb@defubkog.cz
Thomas,Graves,ukjehuh@nucha.ws
Ola,Ramsey,ir@daucecar.edu
Isaac,Bradley,vawutu@abi.bg
Lela,Turner,vithumuk@varoh.es
Elnora,Moran,bujuur@pesifne.net
Kenneth,Arnold,duswi@aku.gm
Lester,Bridges,gehi@reprosez.mx
Birdie,Rogers,vor@no.tj
Mike,Peters,zu@kifedos.lr
Millie,Hunt,be@sip.sm
Clara,Norman,uwego@tihhe.lb
Leonard,Ortega,jep@vajesen.sk
Brent,Newman,nepu@ridadjen.sg
Allie,Thornton,zecmaki@marej.lt
Floyd,Manning,ot@foh.ml
Emilie,Bishop,tegsug@gelec.kw
Ian,Daniel,la@muzroga.pt
Josephine,Greer,mual@za.rw
Cody,Delgado,jiphovog@vuk.sd
Juan,Griffin,fases@cimwanih.tc
Verna,Warner,got@tu.zw
Birdie,Miller,ugkoew@kikolav.iq
Randy,Becker,imda@neveb.sz
Harvey,Gordon,ictac@zacki.ck
Eliza,Green,wutwe@ebfi.ca
Katharine,Bradley,dakjem@mecuwres.mc
Olive,Gray,pefasek@iravaga.kn
Gene,Evans,biju@luvpaure.py
Julian,Williamson,giwuksav@kukap.bd
Hannah,Douglas,hikej@cedkev.mt
Lottie,Lyons,pammabib@iculumjon.bg
Edward,Buchanan,guvpajiw@sasjorir.as
Jayden,Garza,lo@koafu.ca
Donald,Rose,zab@epuceosi.sv
Ronald,Rodriguez,ugoaloled@faulu.th
Maud,Stephens,abinasik@li.ke
Dylan,Gross,jepdu@hu.mz
Luis,Herrera,liz@ot.nr
Ernest,Marshall,pawir@usomu.lt
Brandon,Anderson,alokta@jagece.tt
Maude,Salazar,kubsebkam@ibi.qa
Francisco,Wheeler,pogce@or.qa
Jesus,May,fo@fan.km
Cecilia,Cole,raijdu@berki.tg
Kate,Crawford,he@binved.ug
Trevor,Mills,lope@gengubte.gd
Patrick,Byrd,lina@nidoheb.gd
Lou,Cunningham,upa@niguki.am
Addie,Barnett,boko@mibbah.uy
Louise,Mendez,fujsubge@ip.pf
Mamie,Montgomery,pis@mi.is
Lena,Jackson,cup@zifejijun.to
Devin,Rogers,sipzu@ucte.mr
Ina,Nichols,jiw@pimuv.az
Linnie,Osborne,zuseuz@pulmi.gl
Albert,Padilla,ved@nusat.nu
Mollie,Rodgers,run@ebesuw.ro
Alma,Hanson,iz@maw.tr
Estella,Joseph,cecaga@ug.nr
Jay,Ferguson,feblulo@roamhef.ba
Ralph,Stephens,ruvor@wu.eh
Marvin,Armstrong,sordi@gun.gn
Gerald,Fields,hofidram@seb.bh
Charlotte,Klein,hol@punkivik.gd
Isabelle,Neal,iriguti@vigcabi.mz
Birdie,Ray,wo@muz.gn
Connor,Patton,dohcahuke@mesuvi.ae
Harry,Gutierrez,or@rawci.nl
Ricky,Stanley,owrof@ecudu.do
Loretta,Santiago,mo@or.tg
Rodney,Nunez,meho@loj.bs
Lucile,Owens,ipafam@repo.cr
Logan,Adkins,tuzmitte@fupoz.gw
Andrew,Frazier,zen@lih.ec
Alex,Owen,cu@bigopma.do
Glenn,Rodriquez,zazvot@ukufo.il
Walter,Barber,obuigopad@pu.il
Myrtle,Doyle,ikiite@luif.tf
Devin,Wheeler,univeket@danrej.net
Birdie,Castillo,pofsa@ta.tf
Lucinda,Garza,bebfe@ju.tj
Bessie,Rodriguez,zo@kubodku.sz
Margaret,Paul,sim@enedike.bz
Edward,Cohen,pe@fev.vc
Derek,Knight,meke@ce.gt
Belle,Patton,totgok@gurmeogo.tc
Emily,Neal,wa@zugsej.com
Carolyn,Perry,fizda@iheci.gm
Jesus,McKenzie,zaewi@tar.cl
Maggie,Ramos,jijip@sanucavod.mh
Noah,Houston,bucmo@ibuuva.li
Edith,Hubbard,zufpuh@etade.tk
Francis,Hill,pinomi@lejiducez.pa
Amanda,Drake,ze@zed.et
Cecilia,Roy,falked@iholucbuf.bw
Laura,Goodman,pubzig@zod.ru
Lucile,Patrick,kejof@wa.bq
Ronnie,Kelly,wik@olsopmas.hk
Jeffrey,Hubbard,wagan@von.md
Aiden,Owen,ofuovniv@duvimu.kg
Myrtie,Brown,wufawice@civleci.sk
Amy,Santos,miwcapade@ebjohzan.to
Evan,Cortez,azkik@kuw.tz
Claudia,Gilbert,po@idma.ao
James,Thompson,ronez@ato.hu
Victoria,Alexander,koj@befazpo.th
Milton,Lucas,mar@laj.sl
Adele,Grant,ajejanef@tobgo.tf
Jimmy,Warner,uk@lu.sm
Cole,Rodriquez,siwo@enaan.pl
Ellen,Thomas,naehoro@acaak.hr
Christian,Fernandez,here@vuidopo.yt
Sue,Brewer,wuzaigo@hekec.sn
Lura,Pearson,ri@dudfep.mp
Adeline,Fisher,kufjetfo@tinni.ga
Leona,Sullivan,kak@ludwo.pg
Brent,Arnold,sami@endud.aq
Henry,Wallace,gohfases@pinwuphib.mt
Alvin,Davis,ba@efucu.sn
Jeffery,Miller,kudece@evga.ph
Adeline,Lee,vis@im.be
Linnie,Boyd,ju@ofa.us
Theodore,Washington,kauke@orju.cd
Andrew,Ferguson,hudem@purec.ua
Arthur,Jimenez,hetdah@bati.jm
Jessie,Blair,havashom@fajeb.kz
Charles,Curry,hij@he.mo
Effie,Richards,hu@adu.bs
Alta,Howard,pir@bivzah.kw
Mae,Burgess,ciorta@iku.ai
Lydia,Myers,wutpipot@fezode.fm
Callie,Burke,lezukof@ekuja.sd
Dean,Garcia,nuba@fed.tc
Devin,Hudson,ku@kuke.rw
Glenn,Leonard,pikij@sotnabzu.np
Samuel,Byrd,iju@de.edu
Ada,Edwards,idu@ibian.je
Josephine,Martin,jumige@aj.sz
Leonard,Kennedy,ihovu@ukcab.fm
Albert,Gardner,jor@bowlar.ps
Millie,Patterson,ziag@guf.kz
Leroy,Norris,pe@ef.ms
Madge,Parks,somufmib@ahi.tk
Lewis,Frazier,vef@orauzo.so
Nelle,Jimenez,bes@huh.sb
Chad,Howell,tuwonfi@sosa.cf
Margaret,Keller,harloj@jir.no
Lina,Leonard,fofuza@ilfu.tg
Dominic,Riley,tugal@hapeza.hk
Mike,Banks,ekujuba@han.sr
Lilly,Day,zunzehem@sozfa.sx
Bernice,Huff,mu@zemdetis.am
Julia,Hines,kej@gucul.ga
Etta,Ford,tiscugag@mutmuc.gf
Frederick,Mathis,peggif@ekejod.gr
Albert,Ferguson,onit@ipzituz.mx
Isabelle,Frank,egfacmed@umco.cd
Steven,Sims,daebo@avudimak.gd
Beatrice,Lawson,ovo@wivsu.pk
Ryan,Lambert,zofalro@tuw.zw
Dean,Becker,ujdutuga@darovit.in
Walter,Harper,me@dijfa.bi
Aaron,Meyer,sozos@zidva.zw
Evan,Castro,tufemca@ciwfi.dm
Keith,Moss,cozkuvuf@emirawuj.ir
Lena,Parks,gozuvu@co.lb
Luis,Reid,muhavi@me.kh
Rose,Jordan,guamubod@lowzof.ma
Nell,Estrada,ki@gegbaw.lt
Travis,Chandler,locatuw@fevgab.bs
Jay,Murphy,hinofonaw@fog.dm
Sean,Bowen,nuvwodtos@rofuta.az
Phillip,Robinson,muvgowzo@niehuut.ag
Raymond,Elliott,halvib@ulurec.gf
David,Owen,wano@hefe.co.uk
Dora,Cohen,venesso@afebwe.com
Jayden,Moss,firjed@nuhnaker.om
Ophelia,Mann,zavuezu@okapa.mw
Rebecca,Lindsey,edi@jufdebuk.ws
Beulah,Ramirez,patzaf@cuek.om
Lina,Woods,sewbato@tamubu.gs
Floyd,Fleming,tot@pa.se
Juan,Watts,ripaw@hikuz.gm
Roger,Duncan,hoz@tirofje.bz
Harry,Doyle,gadozugo@erujok.gh
Flora,Cain,mepa@kuj.il
Ivan,Schultz,jujgoj@owi.net
Aiden,Rowe,ilrorpo@bivih.uy
Cynthia,McGuire,dilehpo@zi.gov
Harry,Casey,suk@nef.eg
George,Russell,taf@secrupi.il
Terry,Burgess,iko@vev.cu
Leroy,Walsh,moj@ugidavza.se
Walter,Collier,wibasi@bu.bb
Chester,Casey,uw@vit.do
Floyd,Lopez,adufezep@fo.cm
Wayne,Carter,lasfoesa@ogorucsim.gw
